ip, timestamp
172.217.26.3,01:15:52,01:15:53,01:16:07,01:16:08,01:16:38,01:17:24,01:18:09,01:18:21,
172.217.26.14,01:15:30,01:15:31,01:15:52,01:36:53,01:36:55,01:36:59,01:37:00,01:37:15,01:37:16,01:37:41,01:37:45,
172.217.26.33,01:37:26,01:37:30,01:37:31,01:37:45,01:37:46,
172.217.161.33,01:36:49,01:36:53,01:36:56,01:36:57,01:37:34,01:37:35,01:37:41,01:37:42,01:37:45,01:38:20,01:39:05,01:39:50,01:40:35,01:40:49,
172.217.26.34,01:37:28,01:38:13,01:38:58,01:39:43,01:40:28,01:41:14,01:41:28,
172.217.161.35,01:15:40,01:15:41,01:15:42,01:16:26,01:17:11,01:17:57,01:18:43,01:19:28,01:19:41,
216.58.210.35,01:38:59,01:39:00,01:39:14,01:39:15,01:39:59,01:40:00,01:40:14,01:40:15,
172.217.26.42,01:37:01,01:37:02,01:37:11,01:37:12,01:37:26,01:37:27,01:37:40,01:37:46,01:38:01,
172.217.161.66,01:37:25,01:37:26,01:37:27,01:38:11,01:38:56,01:39:42,01:40:27,01:41:12,01:41:25,
172.217.25.67,01:36:49,01:36:55,01:37:00,01:37:01,01:37:02,01:37:03,01:37:04,01:37:05,01:37:06,01:37:26,
172.217.161.68,01:15:22,01:36:48,01:36:49,01:36:50,01:36:51,01:36:52,01:36:53,01:36:55,01:36:58,01:37:02,01:37:03,01:37:09,01:37:10,01:37:11,01:37:26,01:37:27,01:37:41,01:37:44,01:37:50,01:41:07,01:41:12,01:41:27,
172.217.161.70,01:37:26,
172.217.161.72,01:41:09,01:41:24,
172.217.25.74,01:15:27,01:15:37,01:16:12,01:16:13,01:16:23,01:16:58,01:17:08,01:17:44,01:17:54,01:18:29,01:18:31,01:18:41,01:19:16,01:20:02,01:20:47,01:21:33,01:22:18,01:22:31,01:37:12,01:37:25,01:37:40,01:37:45,01:38:00,
172.217.25.78,01:15:41,01:16:27,01:17:12,01:17:58,01:18:43,01:18:44,01:19:29,01:19:41,01:20:27,
172.217.25.97,01:37:26,01:38:12,01:38:57,01:39:42,01:40:27,01:41:13,01:41:26,
172.217.174.110,01:38:49,01:38:50,01:39:05,01:39:50,
216.58.220.110,01:15:52,01:16:07,01:20:17,01:20:18,01:29:47,01:30:02,01:36:55,01:36:56,01:36:59,01:37:02,01:37:03,01:37:04,01:37:05,01:37:06,01:37:10,01:37:13,01:37:14,01:37:15,01:37:19,01:37:20,01:37:21,01:37:29,01:37:31,01:37:40,01:37:41,01:37:42,01:37:44,01:37:45,01:37:56,
216.58.197.131,01:15:52,01:15:53,01:16:07,01:16:38,01:17:23,01:18:09,01:18:21,01:18:36,01:37:49,01:38:49,01:39:04,01:39:50,01:40:05,
216.58.220.131,01:15:31,01:15:52,01:36:53,01:36:54,01:36:55,01:36:56,01:36:58,01:36:59,01:37:00,01:37:44,01:37:59,
172.217.24.138,01:36:49,01:37:26,
172.217.31.138,01:15:49,01:16:21,
216.58.220.142,01:15:21,01:15:22,01:15:27,01:15:36,01:15:37,01:15:52,01:37:49,01:38:04,01:38:05,01:41:06,01:41:09,01:41:12,01:41:27,
64.233.188.156,01:37:27,01:37:42,
74.125.204.156,01:37:50,01:38:05,
74.125.204.157,01:15:22,01:15:37,01:41:06,01:41:07,01:41:12,01:41:27,
172.217.31.162,01:37:26,01:37:27,01:37:28,01:37:29,01:37:30,01:37:31,01:37:32,01:37:33,01:37:41,01:37:47,01:37:48,01:38:12,01:38:49,
172.217.31.163,01:15:27,01:15:39,01:15:42,01:15:43,01:15:46,01:15:49,01:15:52,01:16:07,01:16:25,01:17:11,01:17:56,01:18:42,01:19:27,01:19:39,01:19:40,01:44:39,01:44:40,01:44:54,
216.58.197.163,01:15:22,01:15:37,01:15:52,01:18:21,01:18:36,01:37:50,01:38:05,01:41:07,01:41:12,01:41:27,
172.217.31.173,01:15:52,01:16:07,01:16:38,01:17:23,01:18:09,01:18:21,01:18:36,01:36:55,01:37:02,01:37:40,01:37:41,
172.217.31.174,01:36:53,01:36:54,01:36:55,01:36:56,01:36:57,01:36:58,01:36:59,01:37:40,01:37:41,01:37:46,01:37:47,01:38:25,01:39:10,01:39:56,01:40:41,01:40:54,
216.58.197.174,01:36:53,01:36:56,01:36:58,01:36:59,01:37:00,01:37:01,01:37:02,01:37:03,01:37:04,01:37:05,01:37:08,01:37:09,01:37:15,01:37:18,01:37:40,01:37:41,01:37:42,01:37:43,01:37:44,01:37:45,01:37:46,01:38:01,01:38:30,01:39:16,01:40:01,01:40:47,01:40:59,01:41:00,
172.217.31.182,01:37:22,01:37:26,01:37:27,
74.125.203.188,01:15:33,01:16:19,01:17:04,01:17:50,01:18:35,01:18:36,01:19:21,01:19:22,01:20:07,01:20:52,01:21:37,01:21:38,01:22:23,01:23:08,01:23:53,01:24:38,01:25:24,01:26:09,01:26:54,01:27:40,01:28:24,01:29:09,01:29:46,01:30:32,01:31:17,01:32:02,01:32:48,01:33:33,01:34:18,01:35:03,01:35:49,01:36:35,01:37:20,01:38:06,01:38:51,01:39:36,01:40:21,01:41:07,01:41:52,01:42:37,01:43:22,01:44:07,01:44:46,
64.233.189.189,01:36:59,01:37:00,01:37:01,01:37:10,01:37:25,01:37:38,01:37:40,01:37:44,01:37:45,01:37:46,01:37:47,01:38:30,01:39:16,01:40:01,01:40:47,01:40:59,01:41:00,
172.217.25.193,01:37:26,01:38:12,01:38:57,01:39:43,01:40:28,01:41:14,01:41:26,
216.58.193.195,01:18:21,01:18:22,01:18:36,01:18:37,
216.58.197.195,01:39:59,01:40:00,01:40:15,01:40:45,01:41:06,
216.58.197.196,01:18:11,01:19:11,
172.217.25.198,01:37:32,
216.58.197.202,01:36:56,01:36:57,01:37:12,01:37:41,01:37:42,01:37:56,01:37:57,01:38:28,01:39:13,01:39:58,01:40:43,01:40:57,
172.217.25.206,01:15:31,01:15:52,01:16:07,01:18:21,01:36:53,01:36:55,01:36:56,01:36:59,01:37:02,01:37:03,01:37:25,01:37:26,01:38:49,01:38:50,
172.217.175.225,01:37:26,01:37:27,
216.58.197.227,01:36:53,01:36:55,01:36:56,01:36:58,01:36:59,01:37:00,01:37:01,01:37:02,01:37:03,01:37:20,01:37:40,01:37:41,01:37:44,01:38:30,01:38:49,
216.58.197.234,01:36:55,01:36:59,01:37:00,01:37:01,01:37:02,01:37:22,01:37:23,01:37:25,01:37:40,01:41:11,01:41:12,01:41:26,01:41:27,
172.217.175.238,01:36:56,01:37:34,01:37:35,01:37:41,01:37:44,01:37:45,01:38:27,01:39:13,01:39:58,01:40:43,01:40:56,
